{
    "popt": [
        -0.4562981221463782,
        0.4341474118798404,
        -0.21247343150595674,
        10.857114352324427
    ],
    "perr": [
        0.0015049796706032975,
        0.0016502962354625868,
        0.002102338224481296,
        0.10660534578797196
    ],
    "yfit": [
        2.7124603630127666,
        2.585058034015784,
        3.445915175196765,
        1.973687776521814,
        7.702906390060768,
        0.6536155257076519,
        5.132117214226503,
        7.739987130913746,
        1.3979108373574523,
        8.161542877375885
    ],
    "ydiff": [
        -0.46732733165144147,
        -0.5596269596339627,
        -0.005986480100421687,
        -0.9168427798147492,
        2.2237557234075274,
        0.1368711146821765,
        -0.24213352219591755,
        -0.18900553324858294,
        1.3979108373574523,
        0.2435708296555399
    ],
    "ydata": [
        3.179787694664208,
        3.1446849936497467,
        5.574798727234136,
        3.4519016552971866,
        2.890530556336563,
        5.479150666653241,
        0.5167444110254754,
        5.374250736422421,
        7.928992664162329,
        5.1753354306738055,
        0.0,
        7.917972047720345
    ],
    "yerr": [
        0.08476349895118,
        0.0979610260752,
        0.09006972119692,
        0.11510420563836,
        0.08952549327428,
        0.10938981245064,
        0.1164647754449599,
        0.0517016526508,
        0.04911657001826,
        0.07523951030498,
        0.10789318566338,
        0.0517016526508
    ],
    "which": [
        0,
        1,
        3,
        4,
        5,
        6,
        7,
        8,
        10,
        11
    ],
    "E-value": -0.032473372850275205,
    "E-err": 0.05613017589407068,
    "Delta-value": 0.8618052565770687,
    "Delta-err": 0.07077582822039619,
    "RMSE": 0.918905332531714
}