{
    "collinear": {
        "popt": {
            "J": -0.768368357737542,
            "D": -0.7023998745366271,
            "E": -0.006956862304003497,
            "c": 2.1066172701521264
        },
        "perr": {
            "J": 0.05476232731234917,
            "D": 0.08742486907655658,
            "E": 0.15177290332399548,
            "c": 0.35739823817458743
        },
        "ChiSqure": 3.9861251783331015,
        "RMSE": 0.33976305431364406
    },
    "radial": {
        "popt": {
            "J": -0.64983778571312,
            "E": -0.15230873029162323,
            "c": 0.9774164008598352
        },
        "perr": {
            "J": 0.024027404062624377,
            "E": 0.03541520292665777,
            "c": 0.05829808958894745
        },
        "ChiSqure": 0.8702228586875079,
        "RMSE": 0.09844328687277296
    },
    "tangential": {
        "popt": {
            "J": -0.6745299936582867,
            "E": 0.061845474044801126,
            "c": 1.221564357084718
        },
        "perr": {
            "J": 0.04840436183707302,
            "E": 0.06376612761774546,
            "c": 0.1002227207909843
        },
        "ChiSqure": 1.9759561148728733,
        "RMSE": 0.15526566547275214
    },
    "E-value": -0.032473372850275205,
    "E-err": 0.05613017589407068,
    "Delta-value": 0.8618052565770687,
    "Delta-err": 0.07077582822039619
}